     KEYWORDS,    PAGES, TITLE ,DESCRIPTION,  SLUDGES
"roofing contractors london​
", HOME ,"Roofing Contractor London | Roof Repairs, New Roofs & Flat Roofing| WK Roof Build","Looking for a trusted roofing contractor in London? We provide roof repairs, new roof installations, flat roofing, guttering and chimney services across London. Free quotes available.","roofing-contractors-london​
"
"roof repair london​
",ROOF REPAIR,Roof Repairs London | Emergency Roofing Repairs | WK Roof Build,"Reliable roof repairs in London for leaks, damaged tiles, storm damage and emergency roofing issues. Fast response and competitive prices.","roof-repair-London​
"
"flat roofing london​
",FLAT ROOF,Flat Roofing London | Flat Roof Installation & Repairs| WK Roof Build,"Expert flat roofing services in London. We install and repair felt, GRP fibreglass and EPDM flat roofs for homes and businesses.","flat-roofing-london​
"
New Roof Installation London,NEW ROOF,New Roof Installation London | Professional Roofing Contractors| WK Roof Build,Need a new roof in London? Our experienced roofing contractors provide durable roof installations with quality workmanship and competitive pricing.,New-Roof-Installation-London
"gutter repair london​
", GUTTER ,Gutter Repairs & Installation London | Roofing Specialists| WK Roof Build,Professional gutter repair and installation services across London. Protect your property from water damage with our expert guttering solutions.,"gutter-repair-london​
"
"chimney repair london​
",CHIMNEY,Chimney Repairs London | Chimney Repointing & Restoration| WK Roof Build,"Specialist chimney repair services in London including repointing, flashing repairs and chimney restoration by experienced roofing professionals.","chimney-repair-london​
"
"painting services​
",PAINTING,Painting Services in London | Professional Painters & Decorators |WK Roof Build,"Looking for professional painting services in London? We provide interior and exterior painting, decorating and property improvement solutions for homes and businesses.","painting-services​
"
"tile installation london​
",TILING,"Tile Installation London | Bathroom, Kitchen & Floor Tiling Experts| WK Roof Build","Looking for reliable tile installation in London? We provide bathroom tiling, kitchen tiling, wall tiling and floor tile installation with competitive prices and quality finishes.","tile-installation-london​
"